Avg. Area Income,Avg. Area House Age,Avg. Area Number of Rooms,Avg. Area Number of Bedrooms,Area Population,Price,Address
79545.45857,5.682861322,7.009188143,4.09,23086.8005,1059033.558,"208 Michael Ferry Apt. 674
Laurabury, NE 37010-5101"
79248.64245,6.002899808,6.730821019,3.09,40173.07217,1505890.915,"188 Johnson Views Suite 079
Lake Kathleen, CA 48958"
61287.06718,5.86588984,8.51272743,5.13,36882.1594,1058987.988,"9127 Elizabeth Stravenue
Danieltown, WI 06482-3489"
63345.24005,7.188236095,5.586728665,3.26,34310.24283,1260616.807,"USS Barnett
FPO AP 44820"
59982.19723,5.040554523,7.839387785,4.23,26354.10947,630943.4893,"USNS Raymond
FPO AE 09386"
80175.75416,4.988407758,6.104512439,4.04,26748.42842,1068138.074,"06039 Jennifer Islands Apt. 443
Tracyport, KS 16077"
64698.46343,6.025335907,8.147759585,3.41,60828.24909,1502055.817,"4759 Daniel Shoals Suite 442
Nguyenburgh, CO 20247"
78394.33928,6.989779748,6.620477995,2.42,36516.35897,1573936.564,"972 Joyce Viaduct
Lake William, TN 17778-6483"
59927.66081,5.36212557,6.393120981,2.3,29387.396,798869.5328,"USS Gilbert
FPO AA 20957"
81885.92718,4.42367179,8.167688003,6.1,40149.96575,1545154.813,"Unit 9446 Box 0958
DPO AE 97025"
80527.47208,8.093512681,5.0427468,4.1,47224.35984,1707045.722,"6368 John Motorway Suite 700
Janetbury, NM 26854"
50593.6955,4.496512793,7.467627404,4.49,34343.99189,663732.3969,"911 Castillo Park Apt. 717
Davisborough, PW 78603"
39033.80924,7.671755373,7.250029317,3.1,39220.36147,1042814.098,"209 Natasha Stream Suite 961
Huffmanland, NE 52457"
73163.66344,6.919534825,5.993187901,2.27,32326.12314,1291331.518,"829 Welch Track Apt. 992
North John, AR 26532-5136"
69391.38018,5.344776177,8.406417715,4.37,35521.29403,1402818.21,"PSC 5330, Box 4420
APO AP 08302"
73091.86675,5.443156467,8.517512711,4.01,23929.52405,1306674.66,"2278 Shannon View
North Carriemouth, NM 84617"
79706.96306,5.067889591,8.219771123,3.12,39717.81358,1556786.6,"064 Hayley Unions
Nicholsborough, HI 44161-1887"
61929.07702,4.788550242,5.097009554,4.3,24595.9015,528485.2467,"5498 Rachel Locks
New Gregoryshire, PW 54755"
63508.1943,5.94716514,7.187773835,5.12,35719.65305,1019425.937,"Unit 7424 Box 2786
DPO AE 71255"
62085.2764,5.739410844,7.091808104,5.49,44922.1067,1030591.429,"19696 Benjamin Cape
Stephentown, ME 36952-4733"
86294.99909,6.62745694,8.011897853,4.07,47560.77534,2146925.34,"030 Larry Park Suite 665
Thomashaven, HI 87941-5197"
60835.08998,5.551221592,6.517175038,2.1,45574.74166,929247.5995,"USNS Brown
FPO AP 85833"
64490.65027,4.21032287,5.478087731,4.31,40358.96011,718887.2315,"95198 Ortiz Key
Port Sara, TN 24541-2855"
60697.35154,6.170484091,7.150536572,6.34,28140.96709,743999.8192,"9003 Jay Plains Suite 838
Lake Elizabeth, IN 90622-0804"
59748.85549,5.339339881,7.748681606,4.23,27809.98654,895737.1334,"24282 Paul Valley
West Perry, MI 03169-5806"
56974.47654,8.287562194,7.312879971,4.33,40694.86951,1453974.506,"61938 Brady Falls
Lewisfort, DE 61227"
82173.62608,4.018524685,6.992698757,2.03,38853.91807,1125692.507,"3599 Ramirez Springs
Jacksonhaven, AZ 72798"
64626.88098,5.44335959,6.988753539,4,27784.74228,975429.4928,"073 Christopher Falls Suite 882
West Cynthia, MA 89075-2814"
90499.05745,6.384358921,4.242191302,3.04,33970.16499,1240763.766,"6531 Chase Prairie Apt. 245
Susanshire, MN 22365"
59323.7921,6.97782794,8.273697078,4.07,37520.65773,1577017.76,"17124 Johnson Squares
Lake Robertfurt, AL 61811-3832"
77811.52203,5.314460215,6.686686133,3.24,33754.7378,1246830.188,"1359 Mitchell Vista
Courtneyfort, NY 93065-7224"
68652.60921,6.1243421,6.290820167,4.42,39355.62573,1170720.894,"4343 Joshua Lake Suite 096
Pierceview, NV 62614-9110"
55041.35158,7.127128553,8.591923294,5.36,30122.47348,1071279.21,"0057 Jacob Coves Apt. 932
Lake Emily, VA 39465-6041"
50218.70846,6.118808131,7.333554072,6.29,16810.78331,534305.1323,"039 Jordan Pike
Emilyville, ID 27442"
55909.3223,5.419562911,9.289854372,6,22355.23541,936368.9634,"66338 Novak Curve Suite 628
Taylorborough, OK 87142-6766"
74372.81021,5.500128573,6.593045604,2.07,39395.15118,1199193.831,"7167 Angela Park Suite 013
Morrishaven, NH 66937-4811"
78667.9046,5.470652207,7.780836693,4.1,27637.65655,1233220.009,"34964 Sara Fields Apt. 584
Port Raymondville, MO 63585"
78699.5151,5.652783637,6.756453856,3.01,22836.60757,1081150.125,"7585 Lynn Loop
East Judy, WV 73336"
53128.18545,5.180664125,5.426902859,2.39,32947.71196,524712.7661,"Unit 1388 Box 9350
DPO AP 70848"
17796.63119,4.949557006,6.713905445,2.5,47162.18364,302355.836,"9932 Eric Circles
Lake Martha, WY 34611-6127"
58566.84936,6.579691453,5.034525352,2.17,39705.46496,1026817.4,"7896 Walker Spring
Loriport, MH 72956"
75537.79451,7.845215914,7.555660721,6.3,32778.19534,1762214.68,"549 Darren Plaza
Lake Kevin, UT 27155"
46147.05306,6.623332829,7.60683155,4.43,27161.12861,882057.1706,"90634 Michelle Valleys
North Victoria, WV 99370"
70421.47649,6.90708297,7.634318731,4.44,43183.92849,1744932.211,"580 Lara Neck Apt. 541
Davidsonstad, ID 34638-9802"
62614.42062,5.499309697,7.440505218,6.32,26888.57956,1153871.47,"43087 Jerome Field
West Deborah, SD 49213"
66394.87159,7.069512154,7.204639709,3.18,39741.07751,1499988.88,"71956 Jenkins Fall
Brooketown, PW 67485-0764"
73946.85107,4.863154306,7.537182365,6.35,35261.12702,1109588.38,"8034 Pierce Prairie Suite 727
Devonfurt, NE 33104-8027"
69144.74571,7.296224497,5.928223473,3.22,19030.61549,980177.3051,"Unit 8108 Box 5159
DPO AP 04678"
77278.69703,6.238891015,6.919204136,2.13,21725.95429,1323952.027,"08639 Garcia Port
Anthonybury, CT 17971"
86754.19663,6.604439819,6.252454805,4.02,43017.44076,1662494.736,"91863 Curtis Point
New Richard, AK 99996-7554"
74399.84098,6.382452912,7.252665322,6.36,41084.66282,1417819.74,"03819 Lee Junction Suite 046
Mooneyborough, WA 19656"
49408.19834,5.825920476,5.831738973,3.32,26881.1306,549976.1456,"7796 Joseph Burg
Danielsside, RI 70370"
62279.79005,6.108449991,6.30611635,4.12,35263.65314,1054770.981,"173 Mendoza Land
West John, NJ 57690"
73078.20409,5.92390639,6.445456691,3.32,54915.96178,1415647.553,"3288 Lee Pass
South Julieton, PW 02759-4964"
72942.70506,4.786222295,7.31988553,6.41,24377.90905,948788.2757,"86908 Marshall Port Suite 252
Scotttown, NM 69143"
63819.62285,5.949839471,8.022469239,4.09,27825.57206,1159596.519,"951 Bryant Dale Suite 735
Lake Jacqueline, NH 95266"
73265.44989,8.314761979,7.42559746,3.24,21030.96618,1547133.396,"00301 Bradshaw Avenue Suite 833
Suzannefurt, IN 00654-8754"
68488.13117,6.116111748,7.18252748,5.08,18267.95471,1186688.506,"84473 Ochoa Pines Apt. 808
Jamesport, KY 70207-2955"
55193.85745,7.186120667,5.096917456,4.01,32537.81877,772111.9721,"13706 Morgan Turnpike Suite 378
Hohaven, NC 42699"
77434.68924,6.309271353,5.219754029,3.06,36252.34068,1172730.156,"4872 Delgado Ramp
North James, IA 36544"
66158.88159,4.476429066,6.91174261,2.28,37098.74217,1111085.017,"73202 Christopher Tunnel
New Roberttown, MN 08925-1536"
60502.90933,7.533380986,5.731824125,4.23,33579.63151,1022781.171,"8781 Olivia Port Apt. 225
Thompsonside, VT 22884"
60910.89379,5.635466738,7.325973781,4.2,43347.804,1274474.546,"PSC 9354, Box 0703
APO AA 58696-1278"
73931.97852,6.394107667,4.580839921,4.32,36543.06728,1213530.85,"271 Johnson Hills Apt. 001
Mcculloughfurt, FM 70847"
59539.94845,6.018590243,7.007676166,5.43,58600.82715,1411730.477,"122 Russo Neck
South Kevin, KY 20712-5282"
56547.50719,5.435415183,6.515149877,3.13,37585.27458,858685.5659,"85225 Christopher Inlet Apt. 627
West Calebberg, KS 76460"
65950.34702,5.476513158,6.717844306,3.28,40110.8476,1200961.821,"7125 Mullins Cliff
Maryborough, WY 66971"
74533.16208,6.67935313,5.919230725,4,49481.56581,1520234.229,"905 Lane Pines Suite 348
Brownborough, DE 57196-3319"
66422.91905,7.12207185,7.078583745,6.36,31019.32482,1360908.32,"61090 Griffith Ridges
Craigstad, AK 28807-8602"
74334.49485,5.419012564,6.261535284,4.12,41640.43566,1360920.53,"270 Jennifer Loop Suite 343
South Jesse, ND 60570-1483"
63538.34616,4.764499308,7.168662411,3.27,43282.183,1146532.455,"10973 Clark Trafficway
Meyersbury, LA 63237"
83953.10484,7.385134534,6.898846569,3.08,37283.35765,1789098.521,"91733 Baker Orchard
South Kyle, KS 37301"
57279.06358,5.118108905,6.561520216,3.17,44023.79068,852099.464,"024 William Course
East Charlotteview, DE 69073-3104"
56553.55025,5.691129213,7.021252354,3.15,29682.40986,746096.7289,"PSC 4455, Box 3268
APO AP 45454"
75795.57598,5.786780024,7.327325343,6.25,33197.77774,1534479.907,"562 Brown Junction Suite 282
Christopherborough, KS 20719"
70848.78866,5.28232502,6.766444664,3.27,40458.73587,1215608.531,"USCGC Thompson
FPO AA 13237-3887"
59787.4045,5.653120316,6.594592279,3.43,32402.10755,941594.3284,"65884 Johns Valley Apt. 621
Ethanbury, NY 07783"
64826.37189,4.010907337,8.290419813,4.38,60286.0431,1204598.037,"Unit 2139 Box 3667
DPO AP 49517"
65925.8538,7.605511954,7.070409541,3.28,34171.36007,1597655.258,"253 Golden Island
East Donald, CT 91882"
64419.25264,6.954422126,8.516160048,6.16,39318.17075,1492011.496,"4861 Steven Plains Suite 066
Port Reginaland, MN 06152-7205"
58544.4603,8.562610576,7.276308629,4.28,30865.58695,1421216.504,"5255 Rebecca Junctions Suite 240
Royshire, WI 85782-2398"
68791.79169,4.725552228,6.704201604,4.11,48423.32244,1132522.901,"2833 Townsend Cliffs
New Tommy, MP 86130-3426"
82061.5652,4.182828228,5.963031884,4.1,36271.4085,1102821.438,"708 Pena Ramp
Terryburgh, CA 31572-1304"
80659.52544,5.436306202,7.100753432,6.24,52947.03636,1856211.35,"8030 Ruiz Dale
Shermanchester, KY 56950-5684"
66668.09352,6.184965339,7.863127437,3.35,47075.21223,1687998.933,"Unit 3857 Box 9497
DPO AE 92239"
64721.5645,5.677637527,6.971331701,4.48,36115.81636,1063423.007,"042 Mitchell Mountains
Adamsview, OR 44424"
65199.98994,6.445742898,6.937127028,3.2,28366.03543,1177289.886,"07420 Victoria Trail Apt. 904
Port Kevinbury, OR 86759"
74579.98953,4.639654131,5.521489299,3.07,42806.14664,1173474.379,"38449 Shaw Glen
Pattonside, TX 98415"
76273.67033,7.879751801,4.500165348,3.39,46974.57879,1637259.999,"82387 Hensley Bypass
Danielmouth, ME 30791"
67561.94206,5.251400747,7.658576339,4.04,35517.54187,1238938.291,"02304 Brandon Stravenue Apt. 231
Cordovabury, ID 36688"
48904.98327,4.844972531,5.44895603,3.38,32960.75307,201898.0866,"2124 Garcia Viaduct
North Kellytown, DC 30864"
72145.96721,6.39862599,8.258634923,6.06,28882.90085,1439506.102,"646 Nicholas Mall Apt. 058
East Danielle, OR 53708"
70805.61068,4.443728924,5.809147306,3.3,29268.82674,585608.6326,"874 Laura Throughway Suite 350
Port Michaelberg, PW 94284-9448"
65383.33792,7.512526779,6.640032004,3.46,35114.40246,1294685.159,"7373 Hart Brooks Apt. 168
East Christianside, PR 72679-9159"
95450.29309,6.595060685,6.850361008,3.33,39388.51552,2014851.344,"035 Mark Bridge
West Craig, MT 78649"
73698.69636,6.372730932,6.578352074,4.33,51815.09642,1840236.006,"69600 Wilson Rue
Elizabethland, PW 17767-2884"
66263.9105,6.374930066,6.736974131,4.41,49829.9515,1441421.913,"001 Steve Plaza
Jessicastad, UT 25190"
75394.75958,6.933352468,7.834099801,4.48,22268.07531,1498640.551,"238 Anthony Drive
Acostahaven, AS 62753-6637"
65984.75064,6.512270085,6.31648002,2.38,21867.47694,954746.5764,"01818 Wilson Spurs
West Andreaton, SD 69568-7005"
66477.26279,6.982151725,6.038487979,2.37,32458.9867,1124635.932,"95779 Walton Square
Bakershire, PR 49599"
69284.25964,5.347447091,7.173425885,3.45,40282.72428,1169944.248,"124 Russell Mountains Apt. 591
North Sharonfurt, OH 67836-4969"
70404.4961,5.544083726,6.001261362,2.02,37127.9255,1114430.953,"73080 Veronica Turnpike Suite 991
New Debra, VA 61246"
74218.48902,8.069721867,6.506374302,4.37,46770.66097,1783534.839,"106 Williams Well Apt. 657
Samanthaview, PR 87811"
63441.71465,6.471673727,7.064811136,3.22,48061.75267,1302933.248,"Unit 3405 Box 4348
DPO AP 68816-2990"
57493.92457,6.893260157,6.734045416,4.41,47039.21532,1241483.612,"4007 Kimberly Crossing
Nathanielview, NC 72093-8287"
81543.77732,5.503923196,5.897052836,2.14,9816.300885,954114.544,"Unit 5889 Box 7282
DPO AE 41177-0399"
78633.97376,5.465393231,7.531143012,3.24,43728.80349,1555320.5,"075 Andrea Green Suite 201
Johnshire, KS 50389"
52202.85372,4.869306181,4.414380866,2.23,42165.81246,404976.3659,"6811 Spears Trail Suite 081
East Troy, MS 43910"
67980.38878,5.562938814,6.159705222,2.44,25909.0792,1073183.76,"69401 Danielle Motorway
New Dennis, IL 53971"
78568.44916,5.47573732,6.291600796,2.29,41016.64709,1422195.879,"2276 Riley Flats Suite 975
Johnmouth, NH 39983"
55472.65483,4.822147136,5.855972309,3.2,15353.95643,340605.2113,"91111 Crane Spur
Kathleenmouth, ME 43022-3191"
67579.23479,5.973219004,7.754357545,6.32,21762.94969,1170959.526,"744 Hill Ports
Mooreside, MH 20945-2825"
61456.1507,6.882954326,6.417572622,4.19,30821.41209,942838.1647,"019 Lisa Village Apt. 379
Maxwellmouth, DE 26176"
60815.39039,7.17012853,7.984335122,4.11,31233.64935,1401613.92,"50933 Barber Divide Suite 927
Jacksonborough, NE 46696-1788"
51217.18116,5.384841407,8.776160034,3.41,47089.47508,1175504.486,"USS Harrington
FPO AE 12326"
63027.67471,4.855968121,5.580905937,2.3,35991.72064,608794.2467,"246 Michele Lock Suite 093
South Michellemouth, VI 62800"
62484.8553,6.496651466,7.322709774,5.13,26882.65179,946943.0362,"356 Madeline Locks Apt. 115
Kaitlinland, MS 49150-0243"
73923.46627,7.005505785,7.135063347,6.04,58745.31203,1819900.637,"232 Allen Ridge
West Jasonview, CT 93021"
79737.60976,7.315957927,6.611096005,2.17,28307.31433,1463130.273,"5042 Ricky Road
New Candice, MN 40661-8809"
63890.47157,4.972306568,7.916386397,5.49,43416.49782,1252391.18,"60860 Griffin Streets Apt. 040
East Catherine, NH 18346"
67310.03695,7.193792989,7.760732555,5.28,43310.61243,1714445.175,"89002 Robert Square Suite 028
Port Jennyside, CA 38546-6307"
73145.73022,4.096517243,7.254217433,3.18,49463.37888,1291759.393,"8533 Sparks Lodge
New Kevin, GA 98179"
86924.35877,6.832939699,7.738295553,6.32,28719.41089,1809154.289,"922 Mark Lodge
Matthewton, ID 71131-3139"
74384.10563,7.411486571,5.164865476,2.3,17117.44367,1200539.361,"757 Sherri Shores Suite 744
Jesusfurt, OK 73052-4985"
67477.78818,6.623528293,7.91617166,5.1,29763.92535,1300265.21,"PSC 8479, Box 0952
APO AA 33741"
71202.95692,4.318869133,6.634954066,4.37,34207.39721,997448.7281,"5560 Michaela Spur Suite 730
West Charlottefurt, PA 00463"
85845.3178,6.743652961,9.468766369,3.46,46477.67868,2152959.409,"255 Sosa Pines Suite 751
Wilsonview, MT 31615"
72138.87048,7.163640935,8.485778263,5.45,35799.63827,1629983.847,"156 Conner Lane
East Brittany, MI 26733"
44806.00516,4.494570528,4.725325117,3.1,57390.89007,497579.4466,"478 Vasquez Fort Apt. 346
Aliciaside, NV 37124-6408"
67504.17846,5.329798509,5.894411949,4.36,37441.12054,890112.5493,"67610 Smith Knolls
Brendaberg, MA 55188-7972"
74706.10053,5.003327764,5.661064127,2.05,39680.60932,1064685.699,"504 Robertson Streets
Jamesshire, WA 56754"
68898.34591,6.787648529,7.871352644,6.39,39515.57156,1530124.016,"777 Ross Crossroad
Kaiserville, RI 24445"
58118.01816,8.137214471,5.650900286,4.36,35598.39044,1246246.828,"2418 Samantha Green Apt. 016
Port Keithmouth, VT 62207-0408"
77643.28309,6.070115922,5.381038359,4.45,35512.25505,1240754.932,"95957 Tara Hill Suite 428
Huntland, KS 57002-5552"
67769.82559,8.074693668,6.761631408,4.22,33254.60341,1760734.69,"26906 Simmons Underpass Suite 444
Port Tinashire, DC 13101"
74411.05989,5.534627544,7.210123361,6.44,43537.50295,1393746.76,"4930 James Flats
New Shannon, NJ 75829-8040"
73101.0788,4.104129923,8.920333221,4.35,29497.97129,1172385.898,"78212 Turner Ville Apt. 217
West Lauraberg, MP 47353-3682"
58708.41716,5.083861036,6.262825884,4.07,15969.92604,483986.109,"33410 Smith Summit
West Kimberlyberg, CT 49785-3758"
63876.05991,7.080219326,7.187432975,3.37,38052.87644,1388530.157,"49940 Ramirez Mission Suite 136
West Bryan, MD 95291-3904"
68343.15409,6.39244379,8.425112895,6.2,40653.87007,1721739.384,"4746 Morgan Forge
Diaztown, VT 79978"
73064.97996,5.994062799,7.204368895,6.19,30699.33971,1276448.792,"5808 Burton Viaduct
North Nicholasport, CO 32392-1208"
67367.26808,6.774710809,6.690894899,2.49,32547.27253,1161742.677,"8093 Lara Overpass Apt. 364
Lake Brookebury, NV 30264"
66547.18175,6.350672042,5.305000412,2.04,16741.96499,786407.9451,"249 Susan Canyon
North Jessica, ID 13412"
73313.54538,6.414723236,8.492901229,4.46,37808.99667,1604920.973,"08091 Bush Course
New Michael, RI 47524-7511"
47681.36173,6.890508224,7.788267986,5.13,50908.97891,1230149.137,"PSC 6933, Box 3805
APO AP 50576"
67910.94913,6.445851907,6.675937268,4.32,31379.78297,1051644.554,"6798 Smith Junctions
Wolfeton, WY 86565-5079"
69277.89125,6.142591681,7.811724471,5.15,43717.91309,1415073.614,"256 Sanchez Ports Apt. 057
Johnmouth, PA 69763"
67946.71468,5.403175673,5.671136343,3.21,35197.94257,1043483.915,"68672 Guzman Ridge
Clinefurt, WI 04078-6179"
90975.11327,4.740683035,8.320351986,6.45,44426.21365,1544379.748,"4447 Steven River Suite 076
West Karenmouth, DC 61561-8593"
61885.54644,5.405265969,6.91419577,3.22,48726.9513,1352135.967,"USCGC Hess
FPO AE 29193"
69401.84722,7.042354995,8.097044285,3.44,29293.07405,1505727.431,"0617 Neal Curve
South Daniel, AS 09326"
72969.12127,6.188575726,8.076943604,4.2,31755.72136,1416965.979,"412 Janet Radial Suite 115
Kariview, NY 37073-8343"
75582.45976,5.506473429,6.774986419,4.33,31946.30387,1046721.976,"9155 Kayla Station Suite 233
Natalieborough, SC 99093-8399"
56241.22677,5.623087016,6.818670754,2.18,32745.36812,939040.0036,"3062 Donald Inlet Suite 642
West Matthew, GU 49340"
79412.83547,6.087360169,7.481321112,3.26,17568.73376,1383031.332,"764 Timothy Turnpike
North Audreymouth, TX 02395"
79618.23685,4.566166101,6.669888411,3.49,29636.50711,1072503.238,"862 Ryan Flat
West Larryborough, WV 11517"
67019.07405,6.487943167,7.3313301,6.26,24997.10871,1134397.758,"378 Evans Crest
East Shelbystad, HI 23326"
56063.48087,5.10693512,5.385339778,4.14,39129.2967,734827.508,"09897 Katherine Forge
North Johnside, NC 01211"
57077.5803,5.775467041,6.952026674,4.27,33393.9166,991892.3175,"2367 Noah Center
North Dakotashire, PA 99619-0890"
75954.81825,4.289916281,7.418750603,5.04,34467.7587,1057252.583,"19678 Noble Cove Suite 264
South Elizabethfort, CO 13304-1647"
52575.81517,7.133719417,7.173698882,4.06,41828.57962,1237224.859,"8803 Jackson Ramp
South Thomasland, RI 09631-6361"
63312.80567,6.139115452,8.199615241,4.41,43230.35216,1442632.541,"87629 Shawn Crossing
North William, MN 71601-6188"
82526.9621,6.453073406,7.748248953,4.46,43947.68026,1877402.32,"2574 Shannon Alley
South Fred, OR 64217"
73204.94213,6.640915863,7.311912321,6.4,35090.50081,1394518.415,"676 Jose Locks Apt. 415
South Cynthia, SC 89264"
56357.19314,5.707903109,5.240300887,3.25,38061.9983,953939.3299,"4160 Martinez Bridge Apt. 713
West Ann, MI 89447-0160"
71316.62465,7.107767687,7.088992691,5.33,21651.69941,1219778.034,"26847 Weber Ports Apt. 767
North Robinton, FM 43014"
75046.8482,4.983084629,8.877240042,3,32468.03115,1287325.382,"PSC 8891, Box 6475
APO AP 28726-5123"
84474.16006,6.970854746,5.935909326,2.47,38677.81515,1739893.555,"623 Jackson Road Apt. 492
Sarahville, NM 19973"
68162.68393,6.962206716,6.69735801,3.07,31843.87634,1213382.223,"0575 Edward Cliff
Miguelmouth, NY 06408"
62784.33295,7.572350215,4.652717554,3.31,35122.38947,1007478.748,"6660 Alex Park
Barkerfort, WY 52781"
67009.81567,6.849769937,7.610720856,3.22,39737.12261,1528756.126,"176 Parker Grove Apt. 591
Nicoleshire, MO 83183-5326"
67437.25036,6.767363237,6.703917223,2.05,29356.22337,1182459.772,"203 Amy Ford Suite 158
Kelleyfurt, LA 49990-9626"
65967.76931,6.847724976,7.777279444,3.14,35799.96255,1474546.762,"842 Jackson Parkway
Angelabury, MI 68188-8699"
42816.30589,7.603999923,7.04524851,4.18,47457.66221,1078016.94,"5339 Charles Road Apt. 570
East Angelicastad, PR 36295-7649"
83347.6697,5.468158427,5.475252653,3.14,48226.71893,1453381.624,"0647 Ramirez Hill
New Crystalport, AZ 33060"
81699.88,5.47980183,6.476007341,4.41,39527.04856,1495012.965,"4233 Chase Fields
East Vanessabury, OR 85375-7861"
56143.78866,4.580122446,6.668979774,4.04,45084.03666,714148.4148,"0606 Ricardo Drive
Williamton, GU 79243"
59513.83492,4.885131771,5.57471435,3.18,44162.27921,894292.0474,"14157 Jones Parkway Suite 319
North Haley, AK 18534"
78379.41224,5.985697151,5.681833507,3.2,31357.38821,1159841.831,"2579 Pamela Shoals
North Christianhaven, TX 95259"
70877.37574,6.766877154,7.213659075,5.07,36033.42685,1195986.299,"PSC 5171, Box 6452
APO AA 44610-4655"
61526.97445,6.593962539,9.180401429,6.11,27307.94803,1381430.63,"23682 William Glens Apt. 920
Lake Hollystad, CO 20067"
65316.99602,7.414875231,6.733084867,2,55799.49748,1534889.853,"32521 Martinez Highway
Stephaniehaven, NY 78577"
76268.81833,6.942797867,6.147907596,3.17,38649.85239,1494125.33,"9109 Omar View Suite 461
East Sarahfort, WI 02969"
48531.36423,6.863184039,8.517401059,5.3,39731.15056,1356146.261,"5611 Chandler Mill
East Brianfort, AK 51236-0093"
82906.6548,5.901451656,5.767366136,4.26,38820.48194,1454943.074,"PSC 5599, Box 5942
APO AP 55563-1953"
63117.84405,4.940396705,5.636779395,2.31,43091.84514,774118.1878,"2128 Shawna Orchard Suite 992
New Melissabury, MN 22338"
75860.86115,3.69089057,4.788380207,3.48,41003.88008,889113.2389,"019 Moore Center Apt. 643
West John, KY 54923"
68844.76425,4.860453,6.916808181,3.29,48392.49736,1211102.211,"Unit 3192 Box 6415
DPO AP 76779-7624"
52446.26686,5.694610808,7.429639244,3.11,32934.5532,658646.1847,"20185 Mary Crest
South Reneeville, VI 91892"
69342.70684,5.804686752,7.805903702,3.36,37082.37422,1400104.871,"18067 Williams Roads Suite 683
South Christineton, CO 76227"
55932.05268,7.218309145,6.020201205,4,42488.31,1262017.792,"089 Wilson Forks Suite 185
East Gina, PA 98785-6132"
53306.92214,4.632267718,6.194794325,2.15,39063.33871,553077.2126,"9643 Oscar Valley
North Richardstad, ME 14629-9980"
56976.5464,6.061212241,7.259286709,3.08,46375.50249,1203247.89,"46619 Morgan Squares
Stevenfurt, FM 70548"
51296.48863,6.155259764,7.831766476,6.18,32078.9068,1115323.015,"407 Silva Inlet Apt. 301
East Carolmouth, SC 73414"
63995.00489,7.59753322,7.090050637,5.25,24748.26827,1301881.417,"USCGC Friedman
FPO AE 57606-0743"
71915.14669,6.279753854,5.521216371,4.47,27714.29366,1006687.387,"038 Anderson Club Suite 485
Richardsonfort, MA 22267"
62137.59721,5.440725043,7.235191288,5.21,19045.61951,749383.0726,"014 Shaun Gardens
Lake Todd, HI 08110"
78050.96983,5.234044768,6.290305888,4.15,27789.74852,1075596.587,"2606 Stout Inlet
Port Brenda, SC 59596-5906"
67371.42086,5.333820712,6.624951289,4.37,24797.76476,739870.7936,"94952 Hall Cliffs Suite 366
West Jessica, MT 23902"
59362.76638,7.482630242,8.003006746,3.49,44723.35373,1442945.145,"8581 Johnson Ranch Apt. 905
Jacquelinefurt, MH 08716-8228"
57003.10964,7.01058346,6.356258719,3.14,29594.69337,828497.0671,"089 Jessica Dale
West Melissa, PW 59364"
68989.31221,6.075426018,7.879588245,6.37,32629.60383,1373290.861,"USNS Hamilton
FPO AA 90003"
70969.9021,4.901817799,6.396268006,3.18,24833.64615,925566.3313,"8016 Hicks Alley Apt. 735
Nicoleside, WV 73615-4795"
82251.65301,7.741091334,7.636653827,6.49,18408.79864,1552536.764,"04952 Michael Terrace Apt. 414
Port Tammy, GA 56924-1868"
71306.4573,5.773717163,6.68823017,2.04,43284.39716,1335904.501,"3890 Hunt Trail
Davidhaven, OR 04793"
70921.56857,5.665185385,6.375371505,3.28,29390.21727,960808.2911,"8398 Sanchez Gateway Suite 937
Mccoyburgh, PA 32814"
70739.4601,6.710699576,7.166501646,6.28,35148.66775,1405933.019,"67095 Jeffrey Islands Suite 573
West Elizabeth, MI 33061-9433"
58097.84182,6.386347996,6.144038119,3.04,19903.00008,619087.6936,"31995 Moore Brook
New Melissa, MO 19787"
51273.50885,7.032317226,6.888205629,2.09,53811.89491,1329273.228,"Unit 5683 Box 5483
DPO AA 78774-2982"
76326.59232,5.02469487,4.936329009,3.44,42779.8313,1261843.844,"77194 Carlson Causeway Apt. 904
West John, KY 70976"
63584.04588,5.832827571,6.029160867,4.29,46340.18858,1175781.418,"73601 Donaldson Squares
Port John, VI 73473"
86340.28729,4.930051,6.183440077,3.01,35630.56045,1437053.557,"6864 Michelle Field Apt. 339
Madisonmouth, KY 99033"
79471.23882,5.867269778,8.197289421,6.21,36616.16883,1594415.226,"35165 Haley Falls Suite 341
South Elizabeth, VT 29143-4442"
55879.50379,6.407946258,5.370386614,2.07,37360.06356,931357.9954,"54993 James Place Suite 797
South Kenneth, CA 86457-1211"
40503.54133,6.881778623,6.566175293,3.14,45979.47754,798639.6542,"6799 Downs Plaza
Randallberg, NH 17910-5241"
83394.40783,5.601486668,5.905024344,2.08,30487.52462,1451739.625,"79098 Brandon Island Suite 624
Horneshire, MA 35281-8110"
64501.22645,6.001641691,7.293476754,5.33,43869.30998,1278991.689,"8173 Rush Wells
New Stephanie, MS 56356"
59569.53734,6.279536891,7.325379539,4.24,31294.65246,885920.5532,"762 Corey Landing Suite 528
Billymouth, AZ 48958"
69280.31627,6.861548028,6.923618932,4.33,40290.91149,1425632.542,"077 Laura Curve
New Christopherview, AZ 15138"
66342.48968,5.857266082,6.94910892,3.06,11792.81516,901881.7427,"5342 Dean Overpass
Matthewville, MI 08613"
73367.04599,6.173290661,9.054709888,5.25,23684.78795,1521730.791,"469 William Shore Suite 726
South Krystalchester, MP 47720"
57122.22484,5.70765003,5.929733805,2.4,41972.77154,716771.0057,"566 Brown Grove Apt. 886
Cardenasmouth, IN 87042-1285"
61978.84805,7.912276047,8.437966416,5.37,56957.18775,1696717.107,"017 Bowers Field
Williamsstad, OK 15934-8122"
54299.96882,6.635899749,6.851535828,2.49,39512.66371,819598.0078,"05946 Wong Spur
Susanshire, NY 67746-2473"
71424.40601,5.59893322,8.522538378,3.49,37242.56159,1584213.957,"9297 Cole Highway
Patrickhaven, DC 02945-8988"
57353.15436,8.07544792,5.678555483,4.44,16906.42172,798892.515,"88404 William Cape Apt. 249
Dawsonhaven, MA 21219-3496"
44731.1098,4.188658329,8.942797164,5.12,39633.47304,601973.0017,"4896 Jennifer River Apt. 180
Shafferberg, MN 77619-4214"
76175.49393,4.524140652,9.524973612,4.28,30760.99496,1456486.293,"82014 Stanton Gardens Suite 664
Lake Dawnborough, DC 86197-4191"
66574.70999,5.550264729,6.844150153,2.17,69575.44946,1702406.039,"551 Macdonald Viaduct
West Stephanie, TN 55360"
91731.15438,5.184810712,7.94387972,6.3,33102.09542,1566471.008,"860 Thompson Skyway Suite 901
Kimshire, AR 37353-5106"
75487.0326,6.453931678,7.737095684,4.02,41105.39063,1592210.176,"5036 Peterson Throughway
East Megan, GA 08456-4696"
58088.43813,6.017831001,5.790005274,4.21,51925.41161,937628.3467,"Unit 5584 Box 2763
DPO AE 40544"
76319.2186,6.873130198,6.294054951,3.45,48026.30837,1558547.578,"09437 Carolyn Mountain
Knappview, CA 70608-7504"
60575.16244,5.907565592,6.964616002,2.29,32158.9679,1156329.274,"5052 Chloe Lights Apt. 374
North Scott, IA 81431"
69607.13367,7.077680826,7.833081192,3.35,34609.04022,1514349.692,"8781 Robert Lakes Suite 880
East Wendy, ID 51813"
67056.84048,5.222168522,7.163517523,5.25,25134.68148,1039107.326,"3440 Cannon Lakes
Port Melaniehaven, WA 60324-0399"
60640.93188,5.165921529,5.355113624,2.32,43119.54066,809089.6719,"0956 Isabella Lodge
East Valeriefurt, CO 64441"
69031.90888,5.779976246,5.501755138,3.23,15660.40301,675536.3915,"36736 Kristi Radial
Port Carl, ID 35292-9269"
80356.20939,4.660417824,9.710216896,5.02,16215.41728,1373589.804,"10492 Reed Track
North Ericstad, IA 78774-8363"
60081.17662,6.768523696,8.204552838,4.3,60195.74627,1690091.019,"Unit 6269 Box 9041
DPO AE 13073"
61881.47931,6.519463053,7.114083652,5.38,35597.37289,1253370.149,"1486 Elizabeth Plains Apt. 235
New Cynthia, MD 73729-5878"
59590.96529,6.891731041,5.736029404,2.03,24153.88252,774073.5619,"239 Anna Locks Suite 853
Lisaland, GA 31515-2260"
89831.31929,5.20196372,7.719652764,6.37,45335.36028,1741959.834,"77610 Evan Field Apt. 712
West Shannonland, WI 30751"
72175.2835,7.421738946,6.828247305,2.09,50305.79541,1705762.788,"11385 Thomas Ford
New Karinaton, HI 01691-9923"
67589.04884,6.21484263,6.060884656,2.34,33203.38392,1071109.917,"385 Barnes Lock Suite 561
Lake Kellytown, NJ 74310"
77300.03144,5.260974726,6.936548024,4.49,29499.04095,1118047.991,"039 Chan Meadows
South Amandahaven, TN 78068"
65382.88832,5.39681918,7.648386114,6.08,41723.05474,1165253.033,"945 Schneider Villages Apt. 519
West Brittneyburgh, ID 36371-1622"
71145.2127,6.152109975,6.765832563,2.31,35642.53034,1280910.19,"15288 Steven Extensions Suite 209
Zacharybury, KS 87707-6205"
61053.038,5.787890692,5.687062576,2.02,40675.77383,841122.8824,"8559 Cooper Cove Suite 935
Katherinemouth, NE 81147-6595"
65125.94787,5.928483443,7.057757992,4.19,37642.78527,1228810.745,"90043 White Lane Apt. 673
Williamburgh, DE 67265"
51949.2957,6.209803037,8.051118256,5.28,35336.06305,1086072.071,"40094 Yates Lodge Suite 008
Fergusonborough, LA 87592-4342"
75897.98884,5.316933287,6.768229399,3.33,34162.67061,1204372.295,"17853 Michael Motorway
Danielfurt, MH 28095"
71468.3505,6.158043453,6.361238405,3.35,43269.03337,1345004.12,"48466 Brown Port Apt. 116
South Chelseatown, CO 28752"
53287.99207,5.755609227,7.162322376,3.32,45152.01427,1116902.345,"0205 Rose Crescent
East Ritaside, MD 10967"
61503.0406,5.13081313,7.015317326,3.12,37650.86971,822431.7303,"18941 Ray Ports
East Nicoleland, OR 67363"
68896.04856,6.38632518,8.365074594,4.47,28394.60978,1360623.694,"1515 Watson Fort
Christopherberg, MP 90562"
91159.41833,6.536045428,7.373850919,3.01,54861.0911,2298379.487,"170 Smith Wall
South Christopherhaven, AZ 87521"
63375.34848,6.67234006,7.883780977,3.41,45633.19224,1400498.268,"064 Kaufman River
Danielburgh, CO 09090"
59695.57147,5.44538285,6.032795265,2.04,20702.80267,566848.7321,"295 Angela Harbors
East Patriciaburgh, GA 95388"
63183.88974,5.570561937,7.541807496,5.08,58691.20066,1367586.278,"950 Luis Avenue Suite 364
West Nicole, OR 03658-3559"
61177.80813,6.998928282,7.088385883,5.13,26396.29111,1113373.52,"27945 Clark Tunnel
Kleinmouth, NV 19751-3095"
58642.31122,5.209923093,6.275371125,3.42,35131.57815,721974.5515,"6163 Michael Orchard
Gallagherborough, GA 48395"
53112.27806,5.138651815,6.325363471,4.25,40367.38387,685503.9903,"4158 Drew Plains Apt. 975
Ericaview, MP 60784"
40366.61629,4.902939589,7.6171181,5.07,16349.36539,152071.8747,"503 Howard Pass Apt. 427
Fernandezborough, GA 02514"
62207.47581,7.297532823,7.002864274,5.38,34317.53831,1280431.574,"2084 Carter Highway Suite 935
New Stevenmouth, DE 67121"
57477.95076,5.405444821,7.207172822,6.35,23649.96887,568703.1838,"2105 Lauren Radial
Lake Michellestad, FL 92096-6812"
55630.48896,6.283122836,8.933119985,6,38943.09599,1200764.844,"3407 Preston Pine
East Mark, NY 86626-3319"
72399.30556,6.740676312,7.552269769,6.15,41662.00007,1607161.637,"719 Raymond Route
West Diane, ME 60200-7803"
89868.89193,4.504274579,7.234479887,5.45,30101.72457,1421715.415,"310 Paul Mill Suite 863
Pamelaland, AS 20202-1133"
59801.49103,4.210462758,4.954387464,2.03,33534.9264,311111.2006,"47705 Bethany Forge Suite 965
North Heatherhaven, ND 10371"
61957.1543,7.841080502,7.472966963,4.19,38448.49148,1338044.383,"791 Noble Port
Michaelland, OK 69198"
71123.43282,6.685810937,6.16923837,3.43,44020.1441,1417870.983,"143 Thomas Rapid Apt. 929
West Laurieport, ND 69617"
55202.70547,4.375933244,8.259044318,3.4,28424.95165,796389.438,"690 Lozano Inlet
Michelleville, AL 07048-6472"
79298.12201,7.188208135,5.336841156,3.44,15753.26664,1310207.133,"3591 Pham Spring Suite 077
Lisaport, CT 43572"
65070.56701,7.143558507,5.579766055,4.3,24852.56515,994897.7278,"Unit 9227 Box 8732
DPO AE 73770"
68494.98255,7.230364893,7.265462684,5.46,13998.57121,1202987.829,"530 Johnson Circles
Cathyborough, MN 30306"
55702.20538,5.551957132,5.648555397,3.08,40087.79561,768751.9005,"029 Patricia Bridge Apt. 540
Tranmouth, MP 59378-9231"
57233.60849,7.893834161,6.036621215,2.27,37374.91924,1211655.305,"880 Julie Union Suite 360
Sarahchester, LA 70074-3596"
85313.88545,6.033157792,6.633757595,4.21,23974.43557,1540418.222,"85227 Kevin Stream Suite 299
Lake Todd, WV 65286"
60224.65171,4.675940133,5.428846667,3.23,42182.86211,712228.4243,"97544 Williams Unions Suite 893
South Harry, ME 21119"
73873.81919,6.789870886,6.630909086,3.17,33336.32735,1525533.407,"844 Hanson Points
East Lisa, ME 83883"
63149.48523,7.156294433,5.518835024,2.04,37578.84687,1034218.402,"171 Rocha Via
Cassandrafort, RI 90064-6234"
58593.79404,4.662980906,6.333616932,2.04,39287.5279,874103.6606,"2758 Joshua Mission
Lake Chelsea, AS 18304-4644"
73839.87242,6.446181952,8.274063584,4.19,47602.51021,1912825.285,"75441 Ritter Corners
North Roberttown, UT 52401-4300"
75984.83111,6.725721311,7.887775836,4.31,42248.68586,1754770.59,"7815 Burns Skyway Suite 637
Melissaborough, TX 51087-6056"
82145.36942,6.54096795,6.876150329,4.23,25736.09605,1340066.913,"885 Veronica Stravenue
Wilsonland, FM 77249-8036"
69017.1828,5.777106148,5.783612779,3.11,55830.75284,1446756.863,"42822 Billy Lights
Tranchester, TX 45052"
75429.17898,6.818759161,7.570447111,5.48,36769.24968,1592768.242,"39474 Steven Fort Apt. 881
Kristaport, OR 79397-4419"
69513.53892,4.122901533,7.641107312,6.08,14054.05343,660364.9813,"030 Jason Coves Apt. 387
Lake Christophershire, CA 88567"
57782.41708,5.159300978,6.332626733,2.46,33426.84938,861321.5807,"Unit 2107 Box 1980
DPO AA 76733"
74372.13845,6.56237959,8.184510518,6.35,34321.96015,1648246.774,"111 Wilson Cape Suite 484
Hernandezton, VI 53808"
63522.12193,5.538042849,6.952195766,2.04,31995.52529,977135.8857,"720 Vasquez Crest
Roberthaven, OK 57313"
61193.71483,7.647150882,9.086807717,3.21,33196.05984,1591934.19,"518 Gilmore Stream Suite 013
Lake Donald, ND 18581"
60316.79073,4.308730208,5.564352875,4.12,33831.89363,695386.331,"126 Kim Mount Apt. 763
Mariemouth, TN 60875"
58469.9122,5.408899965,4.807387458,2.26,33547.98482,568977.0728,"43340 Thomas Mission Suite 671
Longport, VT 28226"
75179.90299,4.595920956,7.201635799,5.13,23978.0933,935590.8043,"38138 Carter Shores
Lake Felicia, OK 96739-7550"
56186.96329,3.992027946,8.960742515,5.2,41855.65474,984311.7745,"569 Jeremy Orchard
New Randy, RI 27359-4665"
73225.0663,5.933498536,6.868603895,2.3,61830.53972,1796245.808,"81623 Jenna Brook
Davidfort, PR 76020"
74338.92771,5.084714868,5.186852796,4.07,18057.17178,720080.2321,"6548 Christopher Pike
West Adammouth, NJ 07199"
52188.11873,5.636892091,5.807401479,4.03,42495.75468,783808.4025,"56449 Walters Forks
Port Juliaburgh, DE 80081"
83311.10394,6.690551405,8.297556745,3.16,30386.36631,1598615.974,"2172 Jensen Lodge
Porterport, NJ 82686-8071"
72288.6752,6.599434697,7.979877824,5.11,39146.9205,1564125.238,"20276 Kelsey Plains Apt. 162
New Angiefort, DE 15768-7899"
54866.21569,6.986763275,7.285434147,3.46,35192.84403,929480.6299,"193 Green Causeway Suite 635
Sotoburgh, NJ 15816-5656"
85759.65776,4.789357418,8.965705366,6.22,25897.75802,1414495.343,"222 Kevin Walks
North Robertoton, FL 87877"
59453.34204,6.29111354,7.482571479,6.08,29697.64481,837668.1026,"809 May Mills
Yoderburgh, NH 42375-8927"
69878.7742,7.218330987,6.249192235,4.02,26814.17475,1197515.454,"48635 Burch Pine
Lake Ellen, KY 06268"
59243.29763,6.729520552,7.058764828,4.26,51405.35248,1232004.83,"63891 Rebecca Stravenue Suite 746
East Vincentland, NV 30237"
57853.3302,6.500094306,7.316551003,4.36,47688.2266,1285933.408,"507 Dorsey Harbor Suite 445
North Jacobbury, ID 07463"
66643.31463,6.392834115,7.698007536,4.41,30971.15711,1361521.983,"475 Robert Road Apt. 547
Charlotteburgh, CO 82148-4460"
69248.29959,5.958735587,5.652694477,2.21,35990.10339,1090826.374,"1249 Rodriguez Skyway
East Laura, UT 81039"
75129.72116,6.287836931,7.447318296,3.37,41620.2893,1475319.699,"9699 Gilbert Trail
Port Marymouth, VT 17881"
76209.99531,7.009045648,5.464338971,4.22,22721.6494,1066659.383,"3283 Wu Greens
West Michelleton, AS 48620"
69342.37657,6.069486987,8.018121333,3.43,21641.97286,1117432.98,"814 King Fords
Ortizton, WY 09795"
77630.95508,6.80962742,6.829667441,2.29,31739.88912,1420283.559,"003 Steven Port Apt. 012
North Michaelbury, UT 27451-2671"
68929.15807,7.590878456,6.891969493,3.24,172.6106863,840272.8649,"178 John Fork Apt. 779
East James, VT 90132"
70990.80491,6.014814127,4.651974294,2.46,30904.25303,1024907.94,"USNS Fuentes
FPO AE 40375"
55860.68084,7.751794757,9.02450267,5.12,40335.22028,1494241.226,"4458 Cabrera Plains Apt. 502
Mezamouth, MP 58250"
56380.9884,5.706260589,6.650904529,4.37,43994.24411,1125880.487,"3167 George Knolls Apt. 993
East Loriside, DC 16819-7638"
64306.33882,4.806617647,7.879677057,4.28,30762.36021,1082455.018,"74367 Howard Cliff
Antoniotown, CO 92048"
76547.9567,6.50322147,6.974804487,3.08,40564.64489,1554634.995,"9453 Kirk Summit Apt. 368
North Lukechester, PA 24710"
57101.71705,5.493161996,7.650205974,6.09,41104.46662,1011365.365,"7958 Mills Lock Apt. 983
Brandonville, DE 25191-2184"
76192.65604,7.303749826,7.337589917,6.33,21245.84162,1432756.517,"22588 Brian Forge Suite 588
South Michelleside, NE 62469-4467"
79585.55223,5.778524695,8.430787826,4.32,31773.3374,1612717.553,"53578 Rachel Estate Suite 891
Daviesstad, MH 60772"
70759.8558,6.367973326,5.493294013,4.2,25981.831,973299.8618,"1981 Green Fall Suite 828
West Kimberlyburgh, RI 99528"
76907.23816,5.205508259,6.462700239,4.21,21658.40932,679228.9927,"433 Patterson Parkways
East Ryan, RI 32244-3823"
64744.94244,5.900247576,8.467599729,6.03,28880.01759,1270999.939,"90703 Isaac Path Apt. 296
Lake Leonard, SC 34290-2341"
51976.02393,5.354922556,7.375559651,4.42,36360.16875,910211.0189,"258 Joshua Village Apt. 843
Jamesborough, HI 72801-0033"
61252.63767,5.189911336,7.191572627,4.43,40890.26603,1026271.796,"3505 Smith Spring
Lake Ashleyville, WY 32703-3550"
58841.14292,7.754160967,6.916338174,4.05,39555.07059,1496729.536,"78312 Martin Terrace Suite 957
New Kimberly, ND 49455"
79112.64141,6.357250993,7.8515296,5.27,33771.74049,1490539.058,"8923 Theresa Corner
New Annefort, KS 04537"
76056.28911,6.480979871,8.245224408,5.4,28470.70147,1491838.494,"648 Mark Green
New Aaronberg, MD 57319-9128"
52399.64822,6.804016971,8.971111959,3.11,18092.13036,996771.2482,"4118 Gallagher Cliff Suite 158
Lake Alejandrochester, MO 76400-5583"
77551.6278,5.535920946,4.679134254,2.03,35834.493,1064854.309,"23662 Tiffany Oval Apt. 301
Stephanieburgh, NM 67091-0155"
64160.81595,5.67760881,6.534959524,4.05,32339.00628,985749.7874,"6049 Jacqueline Centers
Elizabethberg, WA 74545"
71167.03414,7.328943583,9.442325018,4.35,35174.87134,1952622.402,"51952 Nelson Radial Apt. 701
West Joshuafort, ID 09690-7341"
84963.66341,7.068466766,6.207145314,3.02,40447.01075,1754969.162,"758 Chen Ramp
North Angela, IL 06000"
59712.82231,5.735499522,6.979752379,3.23,42601.84262,1122240.364,"USNS Webb
FPO AP 49097"
77733.73119,5.624500144,5.967832307,3.23,32074.57599,1236931.728,"672 Larson Ramp
Robertside, NC 16903"
85707.07875,4.374148491,6.350156836,4.47,10424.41625,966084.4204,"052 Robin Ridges Apt. 575
West Shelbyshire, MN 47834"
70280.36135,4.728804322,5.012885306,4.4,39662.74187,852268.6717,"Unit 0180 Box 6419
DPO AP 42418-5393"
69330.74122,7.31890726,6.252757358,2,30097.83559,1280669.873,"3556 John Mountains Suite 339
West Michael, KS 02710"
72988.70597,5.95937925,5.74843726,3.36,50566.6448,1190213.513,"6925 Sherry Run
Mcdonaldville, VT 76937"
65697.82067,5.728201697,7.282106847,4.2,28742.12595,1123851.141,"5916 Wendy Lake Apt. 451
Lake Julieborough, FL 94486"
76245.21847,7.955766597,7.826124971,3.12,32016.23476,1689120.427,"7683 Susan Circles
Jimenezview, ID 13223-8250"
53546.87214,7.174569183,8.343557927,3.49,45504.20369,1573347.788,"7336 Joyce Street
Ryanberg, OH 51245"
73643.0573,6.766853185,8.33708535,3.34,43152.13958,1696977.663,"127 Sharp Well
North Bernardbury, IA 84600"
84774.45122,7.019666733,5.450658517,2.27,32383.55544,1414286.724,"Unit 1747 Box 4835
DPO AE 80269"
58140.94032,5.064855375,6.649447661,2.27,49337.53152,755292.1144,"420 Miller Green Apt. 769
Amyview, NH 15629-9831"
61881.16372,6.293585382,6.048295389,2.31,21397.4486,714706.4289,"499 Mcintosh Parks
Alexandraport, MN 57727"
75312.25951,5.364982406,6.667365547,4.09,9487.921585,944001.5583,"004 Susan Lights Apt. 864
Ericstad, SD 18478"
81328.8073,6.483153394,6.908829672,3.01,31231.5444,1523136.485,"38412 George Forge Apt. 680
West Erika, MO 03932-3322"
77931.47646,6.501686215,6.647662431,3.33,23182.60485,1422916.811,"8073 Miles Shores Apt. 760
Garciamouth, AK 75136"
84602.59697,7.097245831,7.00842733,6.11,39683.438,1945618.658,"1391 Kimberly Port
Smithhaven, WA 19630"
72445.0333,5.488196879,6.509449186,2.48,69553.98833,1726719.067,"2763 Victoria Pine Apt. 066
West Stephanie, OH 49110-6029"
57497.12815,6.674070665,7.524542188,5.17,43204.15762,1051123.833,"06882 Snyder Lake Suite 677
East Tracy, VT 49709-4496"
87266.34023,8.248959366,7.234261404,5,45161.18768,2249122.541,"03567 Scott Fork
West Lisahaven, ND 55466-3035"
62431.9381,6.798993828,8.599555446,4.48,44115.98342,1523915.145,"9249 Robert Cliffs
New Susan, AR 48038"
72107.42807,4.54230638,6.981984299,3,29981.34654,1039517.534,"Unit 5105 Box 8178
DPO AP 03939"
55577.07175,6.533916122,7.162535697,3.47,19560.01241,818057.8953,"931 Bradley Locks Apt. 730
Justinborough, KY 10998-7603"
62327.89441,5.233977928,7.285225482,4.43,43364.42819,1115466.585,"7909 Freeman Plains Suite 223
Griffithside, OR 90674"
73931.14266,5.662286845,6.9812466,2.46,29568.95886,1258178.804,"4901 Michelle Estate Suite 734
New Aimeemouth, MH 31261"
63429.27469,6.362565275,8.441119043,3.31,37998.99693,1435423.708,"Unit 1395 Box 3341
DPO AE 13371-5663"
73423.90295,5.975373486,5.810942512,3.49,34711.78242,1153470.44,"0831 Kathleen Mill
North Connieside, TN 84541-4719"
75175.87311,8.561761657,5.197253905,2.07,22367.48207,1425603.495,"9491 Parrish Springs Suite 070
Staceybury, OK 75939"
56636.24613,6.257028601,7.863188943,4.5,28139.36846,1048350.692,"631 Jessica Throughway Suite 879
Elizabethfort, OR 35556-5686"
67665.93963,6.467126893,6.333920562,3.41,24758.48906,1214482.379,"3632 Lacey Course Suite 840
Kelseyview, WY 57348-0308"
65986.81794,4.531777656,6.860860394,2.15,24056.60447,821859.0657,"559 David Mall Apt. 334
Port Mark, MA 66518-9630"
54273.91488,5.550543628,6.798805806,4.44,24233.06146,753652.2718,"59380 Jordan Forge Suite 680
South Angela, OH 93823-2369"
75547.84162,3.992420475,7.332769653,6.12,40043.10216,1220001.334,"914 Harry Bypass
Mccannborough, FL 87366"
70151.08661,6.724123387,7.706580735,5.41,15255.23776,1075675.108,"USNV Williams
FPO AA 55365-5477"
74449.12174,6.223626136,7.392675062,3.1,24837.59073,1396082.352,"408 Davis Lakes
Arianaton, TN 06641"
66919.64032,7.826435952,7.320562834,6.03,18867.78162,1137801.933,"91853 Ford Drive
Princechester, PW 94622-8419"
68473.86312,5.74650959,6.232295865,2.19,43146.98202,1159953.593,"196 Brian Village Suite 689
Christensenland, NV 93801-8912"
76113.21733,6.377936931,7.736294493,5.07,26481.51177,1487849.876,"8231 Douglas Pines
Michaelbury, IN 40415"
61212.19548,6.408500651,5.538058083,3.5,32045.55987,1103072.439,"08136 Sparks Common Suite 382
West Rachaelville, MH 17135-7024"
59768.80592,5.805732788,7.425903425,3.48,26202.63146,897291.1153,"637 Jesse Mountain
South Amanda, ME 03675-4416"
78847.53637,5.573231808,7.027355369,3.26,20653.89831,1214320.574,"530 Anderson Mill Apt. 727
South Brendaborough, OR 37626"
75735.3429,5.761755985,8.065659921,5.28,37268.26997,1364363.375,"7874 Reynolds Road
Rileystad, WY 26189"
77847.34897,5.23965341,7.282521302,3.21,30231.80829,1249092.928,"USNS Beard
FPO AP 37680-7514"
56231.1618,5.459845342,5.014916517,2.47,52657.03375,946479.2349,"427 Melendez Court Suite 745
South Misty, PW 59633-0548"
89163.49859,4.692855436,6.010742815,2.27,44016.14744,1659805.184,"24016 Smith Crossroad
West Sherryburgh, NV 03282"
62377.06447,6.289993194,7.21840033,4.46,39075.95638,1285399.565,"7508 Alyssa Mission
Mccartytown, AL 15250-4289"
68864.2823,6.00205394,4.9673884,4.17,29802.32138,898281.9025,"9596 Martinez Parks Apt. 781
North Larryborough, AR 08957"
82440.89576,6.291501388,7.037477117,5.04,27545.52954,1483848.169,"55087 Debbie Place Suite 789
Sarahburgh, WY 35157-7341"
60948.88088,7.161865646,6.22497133,2.36,39754.38814,1353488.416,"366 Nancy Lock Suite 459
Grantland, FM 70532"
69729.60586,6.168255827,7.24149204,5.11,31719.74264,1268703.811,"029 Smith Plains
Lindseyville, NV 06256-8392"
75491.79999,6.299268667,7.33029276,6.14,26013.68048,1448573.845,"USS Walker
FPO AP 95931-9404"
80648.06571,6.35533372,5.881851885,3.49,35091.95553,1343605.8,"998 Munoz Terrace Suite 265
Jacobstad, ND 61608"
84036.59865,7.73383489,5.740479724,4.21,32766.60197,1511537.745,"PSC 5629, Box 1683
APO AA 30380-2875"
76590.37671,5.940325276,7.691535725,3.31,40643.07833,1662038.759,"55849 Jenkins Walks Apt. 940
Benderview, KS 44342"
63534.45596,6.46969413,8.017692368,3.23,38128.9837,1166673.195,"85930 Gardner Underpass Apt. 339
North Mandytown, VT 93457"
67269.99554,6.325821835,7.472849853,6.39,41780.47369,1375633.373,"31512 Karina Street
Lake Aaron, UT 10919"
50887.44007,4.458997393,7.063683439,4.16,47731.01076,839638.461,"93436 Robin Greens
Combsside, KY 24257-6372"
80597.1118,6.440796383,7.661280263,3.1,34487.57476,1638265.395,"2608 Penny Stream Suite 360
New Brettport, WI 37004-4215"
66041.12358,6.493916521,8.219394258,5.15,40163.97083,1385400.456,"1993 Gibson Freeway
Lake Michael, WI 24423"
81316.38029,4.13269444,7.204458615,3.36,35589.59472,1153233.241,"54406 Matthew Ramp
Travisshire, MI 61690-5478"
67877.02913,5.322287408,7.958894134,5.28,43300.95464,1370178.474,"8077 David Isle Suite 263
Rodneyborough, NJ 18874-5386"
69306.95842,5.562622947,6.938908153,2.02,36851.38401,1181877.183,"9573 Tina Rest Apt. 034
Simstown, AR 51547"
61200.72618,5.299694,6.23461464,4.23,42789.69222,894251.0686,"45153 Salas Hollow Apt. 148
West Erica, SD 93725"
70619.16697,5.890269353,7.935510756,5.15,37865.64855,1421135.815,"15057 Larsen Locks
Mcmahonview, SC 51585-5774"
69910.85188,5.899946659,5.630525332,4.04,38440.73729,1028964.474,"08194 Shelby Overpass
Gravesfurt, VT 41650-3581"
64889.21934,3.727083933,7.655452911,3.2,25904.97991,923508.1257,"9324 Miller Throughway Apt. 765
Millsside, PA 86470-2619"
69900.13396,6.327089456,8.366505984,6.34,32679.18766,1599634.465,"00985 Michael Fields Suite 034
Wandahaven, CO 62328"
79045.0398,5.53968589,8.20329527,5.26,24721.95904,1369186.07,"96627 Trujillo Via Apt. 159
Connorville, DC 88114-9490"
76460.22067,7.030844864,6.629940742,4.16,46851.04219,1748782.809,"0091 Park Junction
Port Leslie, AZ 49290"
58307.72788,6.381029538,8.308603108,4.07,25509.06978,1150877.735,"478 Charles Trail
West Christopher, NH 85839"
56679.01602,5.096643486,8.971411852,5.49,40785.0273,1110598.755,"361 Stephen Burgs
North Michaelview, AL 42767"
58823.05019,5.711384515,7.168189941,4.21,38682.56933,1159207.085,"278 Mccormick Brooks
New Margaretland, NC 90315-1115"
80836.34486,5.7673672,7.421920927,3.02,49864.46977,1811377.221,"81773 Hunter Ridges Suite 347
New Annstad, AK 53180-3670"
67710.11298,5.854378134,8.48252252,4.18,25222.46242,1267443.398,"566 Eric Ford
Jasonmouth, CO 83797-1879"
70027.64713,7.336016031,5.360885834,3.22,40512.81685,1352547.693,"69659 Owens Path Apt. 651
North Michael, FM 93545"
36100.44423,5.778489499,5.497449839,2.29,44901.85734,599504.0193,"842 Duane Brook Apt. 380
Monicaview, AR 01639-3032"
67217.48614,4.617497453,6.264975083,4.19,23999.75522,717213.2688,"0302 Laurie Curve
Johnnyfurt, SC 53321-7866"
63657.27563,6.415066656,5.810728687,3.43,36391.92539,1008712.575,"0022 Young Rest
Lake Kevin, CA 25438-1821"
71468.2717,5.483242752,5.49031182,3.25,36377.83735,1071596.112,"7235 Tammy Islands
Dawnfort, NM 54549"
62989.5114,6.550682933,6.60035835,4.46,36913.35067,1397341.856,"668 Holloway Garden Apt. 481
Richardberg, UT 70614-3350"
69327.2601,6.162767487,7.109924045,6.45,31054.77532,1313304.588,"778 Gomez Centers
South Meagan, DE 82655-5020"
94902.23722,6.370867095,8.423788158,3.01,41662.08363,2106510.863,"2055 Rodriguez Light Suite 472
South Davidview, TX 70637"
79579.20471,4.826564705,7.111526404,3.44,31756.40564,1306458.906,"Unit 4693 Box 5974
DPO AP 07885-8587"
73756.11862,5.250630616,6.404905702,3.29,59485.06632,1354928.95,"PSC 3969, Box 0709
APO AE 18919-6165"
65873.93941,7.309462287,8.56260323,4.49,39785.62784,1582765.592,"25551 Barrera Roads
New Teresa, MI 82737-9223"
52934.43579,6.027445797,6.464112096,3.44,46520.69219,847155.0413,"12129 Felicia Ville Apt. 850
West Jessica, MS 20172"
82830.59353,5.933625869,7.124916623,4.13,32026.91225,1342245.969,"363 Frank Stream Apt. 529
East Lucasmouth, KS 62133-6540"
73930.83995,5.281560667,7.681342023,4.16,42702.40328,1363086.905,"6182 Hannah Locks Apt. 664
Emilyside, PA 31748"
58557.13128,5.30217342,7.035171036,6.4,54167.34162,1275318.562,"8947 Allen Stravenue Suite 234
East Alexandraburgh, NM 55053-2423"
51718.35461,7.509043842,7.10931161,3.11,49639.17324,1285923.734,"855 Carol Burgs
Frazierchester, MS 46812-0037"
69807.72336,7.424253139,7.25760419,3.38,51453.26516,1789607.526,"595 Daniel Manors
Jamesstad, CO 07651"
79627.62859,4.692580036,6.287424348,2.15,31638.85497,1196064.33,"73634 Mcintyre Pass
Tammyside, AL 76708-8615"
97112.36125,5.914724659,6.133645727,3.1,51470.06764,1917583.999,"35841 Christine Shore
Wallmouth, NC 98956-5357"
74354.23018,6.85020814,6.147313624,4.39,30091.11684,1370274.387,"59942 David Brook Suite 114
East John, DC 09236-7627"
72481.02619,5.980419348,8.459144706,3.07,45160.10161,1677204.246,"817 Barbara Ville Apt. 469
Port Mary, CT 03068"
73093.48649,5.695144684,5.780350789,2.37,41796.12563,1439714.281,"514 Martin Ford
Smithmouth, OR 69870"
51992.74329,7.186340287,7.138233914,3.32,21759.50613,1012262.712,"073 Martinez Neck Suite 992
North Sara, MA 27515"
66484.04819,4.825804425,9.069530122,3.37,51712.14409,1511743.129,"5035 Daniel Port Suite 074
Port Jordanbury, SC 46334-0480"
81182.15391,5.251586751,7.188679025,4.42,34141.18824,1131154.518,"9758 James Stream
Port Bryanview, ID 99846-0784"
79103.94328,3.786709298,7.420949611,4.47,25767.8186,764860.4627,"247 Betty Mall Suite 117
North Samantha, DE 69390"
75070.26257,6.680451317,6.261276083,2.29,44682.75733,1681316.362,"138 Coleman Parks
West Travis, PW 22854"
44688.56382,5.480142489,6.485365977,3.17,25120.99203,291724.2456,"5460 Shawna Throughway
Lake Jermaine, MS 94725"
73726.17986,3.994323302,7.105746768,3.13,28666.77112,1013252.209,"9222 Gross Cove
Lake Davidshire, CT 71099"
64038.99388,4.025767576,7.526834227,4.28,54130.97595,1194709.628,"32536 Brown Square Apt. 331
Thomastown, AK 08587-4493"
69896.51919,5.980047679,7.992009255,4.25,38180.82233,1463003.056,"99806 Darren Mount Suite 505
Dawnborough, NH 07786-7190"
73723.45535,6.5290827,9.152072899,6.5,24723.27865,1453327.916,"Unit 5439 Box 2269
DPO AE 18066-3647"
79996.61103,6.11384862,6.744617688,3.2,28067.63161,1291506.386,"988 Moore Underpass Suite 690
New Elizabethburgh, AZ 76937-4021"
61538.90779,7.23397367,7.380798426,6.29,51154.13258,1625508.013,"4078 Christine Passage Apt. 095
South Ethanland, WA 16373"
47065.0533,5.76757471,7.266027597,5.49,24125.87581,566896.2123,"006 Miller Orchard Suite 211
Port Louis, WY 09440"
82381.54875,4.695568136,8.045728241,4.14,36655.12894,1468513.244,"06207 Dean Parkways Suite 455
Lake Haileyfort, MI 73004"
80857.44245,4.801958518,8.837002372,3.12,44385.31241,1573105.981,"7652 Nicole Extension Suite 206
Lake Angela, KY 89831-0175"
60893.76408,4.128879951,7.522948688,5.18,49076.75735,968360.5234,"2220 Sullivan Shoal Apt. 664
New Gabriel, UT 12666-0446"
66356.05996,7.48094133,6.725864179,3.19,38022.8382,1309985.887,"8220 Cindy Land
Brownland, MA 40384"
78438.36946,7.475217032,4.994689786,4.26,35220.38316,1361219.3,"653 Amy Ports Suite 817
Lake Calebstad, TX 33969-7942"
61215.57661,7.488368606,8.791775366,6.14,36495.17095,1465120.47,"4542 Sanchez Stream
New Steven, IN 42368-9011"
64907.98025,6.766015619,7.80646322,5.4,46677.2744,1571464.965,"4037 Wolfe Mount
Alexanderburgh, TN 66040-2962"
80008.66783,4.847002321,8.672978876,5.41,45889.89049,1629098.182,"40592 Joanne Meadow
Lake Ericshire, MS 82383-5094"
71356.30273,5.156588693,7.175189117,5.18,36998.47979,1182335.68,"20215 Chase Groves
New Frank, IA 76417-4251"
72432.70034,5.877126915,5.761669848,3.2,35039.46939,1010813.709,"553 Debra Corner Apt. 716
North Douglasland, OR 61608-7223"
67284.47485,5.435725734,6.449025947,3.3,24942.88585,924728.5374,"62937 Katherine Roads Suite 190
New Richardmouth, ID 32823"
62653.09246,6.543983828,7.884325909,3.28,41467.86766,1382110.278,"882 Carrie Drives Suite 866
Heidihaven, VT 22098"
63968.60858,6.42853384,8.599781516,3.32,27404.50027,1366727.663,"9111 Amy Landing
Port Andrewbury, PA 60420"
74233.94584,6.495344396,6.618398933,4.02,32875.76905,1297849.764,"495 Weaver Skyway
Jenniferport, OR 77808-5741"
59729.2526,7.560599416,7.270138268,6.47,31202.18742,1196687.687,"43128 Kevin Lane Suite 880
Lake Brookeborough, MI 16269-0938"
81132.00429,5.646510162,6.896793461,4.12,32311.85324,1281113.315,"57811 Crystal Road Apt. 465
New Courtney, MS 95601"
68500.81624,5.84297074,7.031799423,5.36,51746.72764,1530729.578,"03124 Jessica Prairie
Lake Edward, DC 65069-7385"
55050.30809,7.20944363,7.153039164,6.2,29423.82757,1208664.863,"06369 Amanda Way
Lake Thomaschester, MP 71633-2350"
76840.45801,5.533214496,7.447127443,5.2,29860.07831,1417275.667,"71104 Cross Path
Sandramouth, NY 69229"
63428.91645,5.328192738,7.311134732,6.13,42996.60608,1195601.962,"605 Collins Islands
North Elizabeth, TN 76959"
90592.46961,7.70013211,9.708803015,5.19,37223.87617,2469065.594,"USNS Vargas
FPO AE 56319-6904"
56685.01444,6.958044864,7.502115314,3.38,43322.16685,1223100.542,"8584 Darrell Groves
Bennettberg, SD 72404-6826"
69230.74974,6.472118818,5.042575354,2.27,43072.19661,1220276.551,"7200 Tammy Place Apt. 727
Morenoland, DE 51392"
68916.65376,7.002128568,6.285246737,3.09,42744.82854,1311765.141,"93435 Grace Oval
Pamelaland, NE 21006-4512"
60509.04459,7.126074829,8.527952465,6.29,28410.30375,1198313.598,"PSC 4610, Box 2354
APO AP 02895-8370"
85719.31562,4.537668422,6.029203977,3.19,32058.35624,1187609.122,"812 Munoz Fords Apt. 233
New Kelly, IA 54531"
62134.02206,7.445436394,6.808878929,2.2,32157.13169,1399662.584,"7892 Ross Garden
South Keith, NC 32349"
73435.17519,6.372610689,8.869466561,4.23,36239.55617,1597776.771,"606 Mejia Land Apt. 238
Brittanyside, NY 78170-7389"
55612.76294,7.691464822,7.186177831,4.22,42258.53738,1355022.283,"31143 Wendy Overpass Suite 905
Robinsonmouth, NY 94261-0324"
70879.9083,6.739317782,7.626799142,5.47,22431.60626,1137059.188,"2430 Samuel Stravenue
Port Williamtown, NM 37798-8316"
67461.44623,4.891102691,8.002542521,3.04,34573.11218,1053815.097,"09328 Jacqueline Roads
Andersonport, VT 62322"
84439.85575,4.313977841,7.698764603,4.48,19835.24732,1242421.532,"125 Jesse Spring
New Benjaminberg, NY 16741"
67802.30909,6.006171337,7.794364246,3.11,36129.69101,1222041.016,"359 Davidson Ports Apt. 177
Andreaport, MD 43672"
62685.27075,6.057649472,6.766129639,2.17,42018.93857,1025461.134,"7708 Hays Spurs Suite 994
Port Jasonport, TX 65571-9046"
71392.47389,3.997533151,7.839552495,4.26,36009.70034,859427.9793,"67217 Andrew Bypass
East Jonathan, KS 49221-7797"
59050.53429,6.053873157,7.267597143,5.01,37741.35882,1279803.95,"329 Lee Mountains Apt. 592
West James, NJ 36320-9547"
87895.86521,8.057346518,5.637279177,4.13,23876.13221,1671669.452,"76805 Soto Avenue
Masonburgh, PW 85098-2368"
70276.40492,7.073681923,7.13254045,3.08,26630.48373,1525601.791,"PSC 4275, Box 9478
APO AP 64444-8885"
72640.26405,4.441899293,7.906105021,4.27,31470.61746,998773.9973,"6484 Kayla Mall
West Isaacburgh, MO 37193-8366"
62894.12724,6.775334135,6.641306834,4.22,20317.21375,1012321.574,"0551 Crystal Trafficway Apt. 141
Richardhaven, MT 91357"
50846.00806,5.272233698,7.937358365,3.12,45357.00431,1252419.196,"9627 Maria Forks Suite 794
Davisberg, NE 50806-5808"
78688.29319,6.359688876,7.349121497,6.39,47812.01849,1869313.107,"72754 Nguyen Extension Apt. 174
Woodland, PR 57096"
76397.04314,7.616643686,6.764442872,3.23,45281.18657,1800685.922,"0155 Julie Club
Andrewberg, KS 37344"
62162.62813,6.223896597,7.289358525,6.43,47747.3639,1393100.423,"71010 Parker Mountain Apt. 263
Carterburgh, GU 54230-0036"
75090.75512,6.062755515,6.368791728,4.29,39456.87209,1166558.374,"9282 Campbell Glen
East Patricia, MO 95742"
61801.46537,5.064611431,7.481091173,5.49,36326.69694,988175.0074,"8863 Christine Extensions
Port Suechester, MN 59441"
77429.83343,6.961396906,7.199332031,4.41,30108.24133,1540480.613,"76135 Shannon View Apt. 267
New Michaelland, PA 52372"
74388.60126,4.273992745,5.57526046,3.05,33763.08394,866142.1839,"52319 Derek Ports
Buckleyton, AL 80725"
62566.56264,4.937434807,6.346327564,2.41,29365.60761,557362.2043,"260 Samantha Mountains
Charlesbury, NH 59219"
68894.84507,5.930501633,6.974340367,4.47,28851.6014,1033290.975,"52228 Debbie Lane
New Davidtown, VT 50549"
68738.36521,4.186458038,5.987896444,3.44,47445.35917,1084945.4,"71654 Brown Summit Suite 194
Bonillaberg, VT 79693-8592"
74277.7199,6.987280238,3.236194023,3.42,50233.79031,1365081.178,"9835 Kimberly Street Suite 318
Murphyview, ND 81320-7591"
81280.91056,5.875971757,5.227988168,4.12,34933.19629,1239459.815,"9117 Abigail Island
West Thomas, ID 72774-3622"
86305.36514,8.064452551,7.203915755,4.17,37854.37345,2056692.768,"272 King Mountain Suite 538
New Jennifer, NC 65688"
